<?xml version='1.0' encoding='utf-8'?>
<data>
  <row>
    <index>0</index>
    <id>id01</id>
    <age>2.0</age>
    <city>서울</city>
    <f1/>
    <f2>0</f2>
    <f3/>
    <f4>ENFJ</f4>
    <f5>91.29779092</f5>
  </row>
  <row>
    <index>1</index>
    <id>id02</id>
    <age>9.0</age>
    <city>서울</city>
    <f1>70.0</f1>
    <f2>1</f2>
    <f3/>
    <f4>ENFJ</f4>
    <f5>60.33982554</f5>
  </row>
  <row>
    <index>2</index>
    <id>id03</id>
    <age>27.0</age>
    <city>서울</city>
    <f1>61.0</f1>
    <f2>1</f2>
    <f3/>
    <f4>ISTJ</f4>
    <f5>17.25298557</f5>
  </row>
  <row>
    <index>3</index>
    <id>id04</id>
    <age>75.0</age>
    <city>서울</city>
    <f1/>
    <f2>2</f2>
    <f3/>
    <f4>INFP</f4>
    <f5>52.66707799</f5>
  </row>
  <row>
    <index>4</index>
    <id>id05</id>
    <age>24.0</age>
    <city>서울</city>
    <f1>85.0</f1>
    <f2>2</f2>
    <f3/>
    <f4>ISFJ</f4>
    <f5>29.26986926</f5>
  </row>
  <row>
    <index>5</index>
    <id>id06</id>
    <age>22.0</age>
    <city>서울</city>
    <f1>57.0</f1>
    <f2>0</f2>
    <f3>vip</f3>
    <f4>INTP</f4>
    <f5>20.1294441</f5>
  </row>
  <row>
    <index>6</index>
    <id>id07</id>
    <age>36.3</age>
    <city>서울</city>
    <f1>60.0</f1>
    <f2>1</f2>
    <f3/>
    <f4>ISFJ</f4>
    <f5>9.796377581</f5>
  </row>
  <row>
    <index>7</index>
    <id>id08</id>
    <age>38.0</age>
    <city>서울</city>
    <f1>101.0</f1>
    <f2>1</f2>
    <f3/>
    <f4>INFJ</f4>
    <f5>83.68538032</f5>
  </row>
  <row>
    <index>8</index>
    <id>id09</id>
    <age>3.3</age>
    <city>서울</city>
    <f1>35.0</f1>
    <f2>2</f2>
    <f3/>
    <f4>ESFJ</f4>
    <f5>17.25298557</f5>
  </row>
  <row>
    <index>9</index>
    <id>id10</id>
    <age>95.0</age>
    <city>서울</city>
    <f1>74.0</f1>
    <f2>1</f2>
    <f3/>
    <f4>ISFP</f4>
    <f5>98.42989897</f5>
  </row>
  <row>
    <index>10</index>
    <id>id11</id>
    <age>40.0</age>
    <city>서울</city>
    <f1>68.0</f1>
    <f2>0</f2>
    <f3/>
    <f4>ENFP</f4>
    <f5>98.42989897</f5>
  </row>
  <row>
    <index>11</index>
    <id>id12</id>
    <age>20.0</age>
    <city>서울</city>
    <f1/>
    <f2>0</f2>
    <f3/>
    <f4>ESTP</f4>
    <f5>91.29779092</f5>
  </row>
  <row>
    <index>12</index>
    <id>id13</id>
    <age>15.0</age>
    <city>서울</city>
    <f1>68.0</f1>
    <f2>0</f2>
    <f3/>
    <f4>ESFJ</f4>
    <f5>83.68538032</f5>
  </row>
  <row>
    <index>13</index>
    <id>id14</id>
    <age>77.0</age>
    <city>서울</city>
    <f1>50.0</f1>
    <f2>1</f2>
    <f3/>
    <f4>ENTJ</f4>
    <f5>67.8863732</f5>
  </row>
  <row>
    <index>14</index>
    <id>id15</id>
    <age>22.0</age>
    <city>서울</city>
    <f1>67.0</f1>
    <f2>1</f2>
    <f3/>
    <f4>ENTP</f4>
    <f5>9.796377581</f5>
  </row>
  <row>
    <index>15</index>
    <id>id16</id>
    <age>68.0</age>
    <city>서울</city>
    <f1>85.0</f1>
    <f2>0</f2>
    <f3/>
    <f4>ESFP</f4>
    <f5>16.2838541</f5>
  </row>
  <row>
    <index>16</index>
    <id>id17</id>
    <age>74.0</age>
    <city>서울</city>
    <f1/>
    <f2>1</f2>
    <f3/>
    <f4>ISTP</f4>
    <f5>67.8863732</f5>
  </row>
  <row>
    <index>17</index>
    <id>id18</id>
    <age>41.0</age>
    <city>서울</city>
    <f1>87.0</f1>
    <f2>2</f2>
    <f3/>
    <f4>ISFJ</f4>
    <f5>80.13828012</f5>
  </row>
  <row>
    <index>18</index>
    <id>id19</id>
    <age>53.0</age>
    <city>서울</city>
    <f1/>
    <f2>0</f2>
    <f3/>
    <f4>ISFP</f4>
    <f5>83.68538032</f5>
  </row>
  <row>
    <index>19</index>
    <id>id20</id>
    <age>11.0</age>
    <city>서울</city>
    <f1>51.0</f1>
    <f2>1</f2>
    <f3/>
    <f4>INTJ</f4>
    <f5>91.29779092</f5>
  </row>
  <row>
    <index>20</index>
    <id>id21</id>
    <age>90.0</age>
    <city>부산</city>
    <f1/>
    <f2>1</f2>
    <f3/>
    <f4>ISFP</f4>
    <f5>29.26986926</f5>
  </row>
  <row>
    <index>21</index>
    <id>id22</id>
    <age>-6.3</age>
    <city>부산</city>
    <f1>72.0</f1>
    <f2>1</f2>
    <f3/>
    <f4>ENFP</f4>
    <f5>52.66707799</f5>
  </row>
  <row>
    <index>22</index>
    <id>id23</id>
    <age>34.0</age>
    <city>부산</city>
    <f1>75.0</f1>
    <f2>1</f2>
    <f3/>
    <f4>ISTP</f4>
    <f5>69.73031281</f5>
  </row>
  <row>
    <index>23</index>
    <id>id24</id>
    <age>80.0</age>
    <city>부산</city>
    <f1>44.0</f1>
    <f2>0</f2>
    <f3/>
    <f4>INFJ</f4>
    <f5>73.58639712</f5>
  </row>
  <row>
    <index>24</index>
    <id>id25</id>
    <age>34.0</age>
    <city>부산</city>
    <f1/>
    <f2>0</f2>
    <f3/>
    <f4>ESTP</f4>
    <f5>60.33982554</f5>
  </row>
  <row>
    <index>25</index>
    <id>id26</id>
    <age>55.0</age>
    <city>부산</city>
    <f1>57.0</f1>
    <f2>1</f2>
    <f3/>
    <f4>ENFP</f4>
    <f5>83.68538032</f5>
  </row>
  <row>
    <index>26</index>
    <id>id27</id>
    <age>37.0</age>
    <city>부산</city>
    <f1>60.0</f1>
    <f2>0</f2>
    <f3/>
    <f4>ESTP</f4>
    <f5>73.58639712</f5>
  </row>
  <row>
    <index>27</index>
    <id>id28</id>
    <age>38.0</age>
    <city>부산</city>
    <f1>34.0</f1>
    <f2>1</f2>
    <f3/>
    <f4>ENTP</f4>
    <f5>80.13828012</f5>
  </row>
  <row>
    <index>28</index>
    <id>id29</id>
    <age>-13.5</age>
    <city>부산</city>
    <f1>47.0</f1>
    <f2>2</f2>
    <f3/>
    <f4>ENTP</f4>
    <f5>67.8863732</f5>
  </row>
  <row>
    <index>29</index>
    <id>id30</id>
    <age>16.0</age>
    <city>부산</city>
    <f1/>
    <f2>0</f2>
    <f3/>
    <f4>ESTJ</f4>
    <f5>17.25298557</f5>
  </row>
  <row>
    <index>30</index>
    <id>id31</id>
    <age>86.0</age>
    <city>부산</city>
    <f1>77.0</f1>
    <f2>0</f2>
    <f3/>
    <f4>ESFJ</f4>
    <f5>73.58639712</f5>
  </row>
  <row>
    <index>31</index>
    <id>id32</id>
    <age>25.0</age>
    <city>부산</city>
    <f1>64.0</f1>
    <f2>0</f2>
    <f3>vip</f3>
    <f4>ISFJ</f4>
    <f5>13.04992129</f5>
  </row>
  <row>
    <index>32</index>
    <id>id33</id>
    <age>47.0</age>
    <city>부산</city>
    <f1>94.0</f1>
    <f2>0</f2>
    <f3/>
    <f4>ENFJ</f4>
    <f5>17.25298557</f5>
  </row>
  <row>
    <index>33</index>
    <id>id34</id>
    <age>65.0</age>
    <city>부산</city>
    <f1/>
    <f2>1</f2>
    <f3/>
    <f4>INFP</f4>
    <f5>48.43118381</f5>
  </row>
  <row>
    <index>34</index>
    <id>id35</id>
    <age>30.0</age>
    <city>부산</city>
    <f1/>
    <f2>2</f2>
    <f3/>
    <f4>ESTJ</f4>
    <f5>33.30899901</f5>
  </row>
  <row>
    <index>35</index>
    <id>id36</id>
    <age>68.0</age>
    <city>부산</city>
    <f1>77.0</f1>
    <f2>1</f2>
    <f3/>
    <f4>INTP</f4>
    <f5>13.04992129</f5>
  </row>
  <row>
    <index>36</index>
    <id>id37</id>
    <age>100.0</age>
    <city>부산</city>
    <f1/>
    <f2>0</f2>
    <f3/>
    <f4>ESTP</f4>
    <f5>33.30899901</f5>
  </row>
  <row>
    <index>37</index>
    <id>id38</id>
    <age>87.0</age>
    <city>부산</city>
    <f1/>
    <f2>1</f2>
    <f3/>
    <f4>ESTP</f4>
    <f5>83.68538032</f5>
  </row>
  <row>
    <index>38</index>
    <id>id39</id>
    <age>56.0</age>
    <city>부산</city>
    <f1>50.0</f1>
    <f2>0</f2>
    <f3/>
    <f4>INFJ</f4>
    <f5>33.30899901</f5>
  </row>
  <row>
    <index>39</index>
    <id>id40</id>
    <age>56.0</age>
    <city>대구</city>
    <f1>75.0</f1>
    <f2>0</f2>
    <f3/>
    <f4>ENFP</f4>
    <f5>17.25298557</f5>
  </row>
  <row>
    <index>40</index>
    <id>id41</id>
    <age>81.0</age>
    <city>대구</city>
    <f1>55.0</f1>
    <f2>0</f2>
    <f3/>
    <f4>ENFJ</f4>
    <f5>37.11373918</f5>
  </row>
  <row>
    <index>41</index>
    <id>id42</id>
    <age>65.0</age>
    <city>대구</city>
    <f1>48.0</f1>
    <f2>2</f2>
    <f3/>
    <f4>ESTP</f4>
    <f5>33.30899901</f5>
  </row>
  <row>
    <index>42</index>
    <id>id43</id>
    <age>23.0</age>
    <city>대구</city>
    <f1>60.0</f1>
    <f2>0</f2>
    <f3/>
    <f4>ISTP</f4>
    <f5>29.26986926</f5>
  </row>
  <row>
    <index>43</index>
    <id>id44</id>
    <age>44.0</age>
    <city>대구</city>
    <f1/>
    <f2>0</f2>
    <f3/>
    <f4>INTP</f4>
    <f5>16.2838541</f5>
  </row>
  <row>
    <index>44</index>
    <id>id45</id>
    <age>97.0</age>
    <city>대구</city>
    <f1>88.0</f1>
    <f2>0</f2>
    <f3/>
    <f4>ENFJ</f4>
    <f5>13.04992129</f5>
  </row>
  <row>
    <index>45</index>
    <id>id46</id>
    <age>93.0</age>
    <city>대구</city>
    <f1/>
    <f2>0</f2>
    <f3/>
    <f4>ESTJ</f4>
    <f5>67.8863732</f5>
  </row>
  <row>
    <index>46</index>
    <id>id47</id>
    <age>34.6</age>
    <city>대구</city>
    <f1>75.0</f1>
    <f2>1</f2>
    <f3/>
    <f4>ESTJ</f4>
    <f5>90.49699927</f5>
  </row>
  <row>
    <index>47</index>
    <id>id48</id>
    <age>18.0</age>
    <city>대구</city>
    <f1/>
    <f2>0</f2>
    <f3/>
    <f4>ENFP</f4>
    <f5>20.1294441</f5>
  </row>
  <row>
    <index>48</index>
    <id>id49</id>
    <age>75.0</age>
    <city>대구</city>
    <f1>88.0</f1>
    <f2>0</f2>
    <f3/>
    <f4>INTP</f4>
    <f5>37.11373918</f5>
  </row>
  <row>
    <index>49</index>
    <id>id50</id>
    <age>86.0</age>
    <city>대구</city>
    <f1>78.0</f1>
    <f2>1</f2>
    <f3/>
    <f4>ENFP</f4>
    <f5>60.33982554</f5>
  </row>
  <row>
    <index>50</index>
    <id>id51</id>
    <age>36.0</age>
    <city>대구</city>
    <f1/>
    <f2>0</f2>
    <f3/>
    <f4>ISTJ</f4>
    <f5>83.68538032</f5>
  </row>
  <row>
    <index>51</index>
    <id>id52</id>
    <age>97.0</age>
    <city>대구</city>
    <f1>82.0</f1>
    <f2>1</f2>
    <f3/>
    <f4>ISFJ</f4>
    <f5>90.49699927</f5>
  </row>
  <row>
    <index>52</index>
    <id>id53</id>
    <age>52.0</age>
    <city>대구</city>
    <f1>50.0</f1>
    <f2>0</f2>
    <f3/>
    <f4>ESTP</f4>
    <f5>20.1294441</f5>
  </row>
  <row>
    <index>53</index>
    <id>id54</id>
    <age>53.0</age>
    <city>대구</city>
    <f1/>
    <f2>1</f2>
    <f3/>
    <f4>ENFJ</f4>
    <f5>69.73031281</f5>
  </row>
  <row>
    <index>54</index>
    <id>id55</id>
    <age>75.0</age>
    <city>대구</city>
    <f1>63.0</f1>
    <f2>2</f2>
    <f3/>
    <f4>ENTP</f4>
    <f5>13.04992129</f5>
  </row>
  <row>
    <index>55</index>
    <id>id56</id>
    <age>59.0</age>
    <city>대구</city>
    <f1/>
    <f2>1</f2>
    <f3>vip</f3>
    <f4>ESTJ</f4>
    <f5>73.58639712</f5>
  </row>
  <row>
    <index>56</index>
    <id>id57</id>
    <age>3.0</age>
    <city>대구</city>
    <f1>111.0</f1>
    <f2>0</f2>
    <f3/>
    <f4>ISFJ</f4>
    <f5>29.26986926</f5>
  </row>
  <row>
    <index>57</index>
    <id>id58</id>
    <age>0.0</age>
    <city>대구</city>
    <f1>100.0</f1>
    <f2>2</f2>
    <f3/>
    <f4>ESTP</f4>
    <f5>33.30899901</f5>
  </row>
  <row>
    <index>58</index>
    <id>id59</id>
    <age>64.0</age>
    <city>대구</city>
    <f1/>
    <f2>1</f2>
    <f3/>
    <f4>ESFJ</f4>
    <f5>20.1294441</f5>
  </row>
  <row>
    <index>59</index>
    <id>id60</id>
    <age>56.0</age>
    <city>경기</city>
    <f1/>
    <f2>0</f2>
    <f3/>
    <f4>ESFP</f4>
    <f5>52.66707799</f5>
  </row>
  <row>
    <index>60</index>
    <id>id61</id>
    <age>87.0</age>
    <city>경기</city>
    <f1>62.0</f1>
    <f2>2</f2>
    <f3/>
    <f4>INTP</f4>
    <f5>69.73031281</f5>
  </row>
  <row>
    <index>61</index>
    <id>id62</id>
    <age>52.0</age>
    <city>경기</city>
    <f1/>
    <f2>0</f2>
    <f3/>
    <f4>INTP</f4>
    <f5>60.33982554</f5>
  </row>
  <row>
    <index>62</index>
    <id>id63</id>
    <age>88.0</age>
    <city>경기</city>
    <f1>86.0</f1>
    <f2>1</f2>
    <f3/>
    <f4>ISFJ</f4>
    <f5>73.58639712</f5>
  </row>
  <row>
    <index>63</index>
    <id>id64</id>
    <age>43.0</age>
    <city>경기</city>
    <f1>62.0</f1>
    <f2>2</f2>
    <f3/>
    <f4>ESFP</f4>
    <f5>73.58639712</f5>
  </row>
  <row>
    <index>64</index>
    <id>id65</id>
    <age>26.5</age>
    <city>경기</city>
    <f1/>
    <f2>0</f2>
    <f3/>
    <f4>ISFP</f4>
    <f5>91.29779092</f5>
  </row>
  <row>
    <index>65</index>
    <id>id66</id>
    <age>87.0</age>
    <city>경기</city>
    <f1/>
    <f2>1</f2>
    <f3/>
    <f4>ISFP</f4>
    <f5>17.25298557</f5>
  </row>
  <row>
    <index>66</index>
    <id>id67</id>
    <age>66.0</age>
    <city>경기</city>
    <f1>52.0</f1>
    <f2>1</f2>
    <f3/>
    <f4>ISFJ</f4>
    <f5>73.58639712</f5>
  </row>
  <row>
    <index>67</index>
    <id>id68</id>
    <age>35.0</age>
    <city>경기</city>
    <f1>45.0</f1>
    <f2>2</f2>
    <f3/>
    <f4>ISFP</f4>
    <f5>67.8863732</f5>
  </row>
  <row>
    <index>68</index>
    <id>id69</id>
    <age>75.0</age>
    <city>경기</city>
    <f1>85.0</f1>
    <f2>0</f2>
    <f3/>
    <f4>ESTJ</f4>
    <f5>69.73031281</f5>
  </row>
  <row>
    <index>69</index>
    <id>id70</id>
    <age>-9.0</age>
    <city>경기</city>
    <f1>96.0</f1>
    <f2>1</f2>
    <f3/>
    <f4>ISTP</f4>
    <f5>48.43118381</f5>
  </row>
  <row>
    <index>70</index>
    <id>id71</id>
    <age>35.0</age>
    <city>경기</city>
    <f1>84.0</f1>
    <f2>2</f2>
    <f3/>
    <f4>ISFP</f4>
    <f5>52.66707799</f5>
  </row>
  <row>
    <index>71</index>
    <id>id72</id>
    <age>8.0</age>
    <city>경기</city>
    <f1>97.0</f1>
    <f2>0</f2>
    <f3/>
    <f4>ESTJ</f4>
    <f5>97.38103419</f5>
  </row>
  <row>
    <index>72</index>
    <id>id73</id>
    <age>90.0</age>
    <city>경기</city>
    <f1/>
    <f2>1</f2>
    <f3/>
    <f4>ISFJ</f4>
    <f5>73.58639712</f5>
  </row>
  <row>
    <index>73</index>
    <id>id74</id>
    <age>45.0</age>
    <city>경기</city>
    <f1>98.0</f1>
    <f2>0</f2>
    <f3/>
    <f4>ESTP</f4>
    <f5>52.66707799</f5>
  </row>
  <row>
    <index>74</index>
    <id>id75</id>
    <age>63.0</age>
    <city>경기</city>
    <f1>47.0</f1>
    <f2>0</f2>
    <f3/>
    <f4>ESTP</f4>
    <f5>20.1294441</f5>
  </row>
  <row>
    <index>75</index>
    <id>id76</id>
    <age>71.0</age>
    <city>경기</city>
    <f1>12.0</f1>
    <f2>0</f2>
    <f3/>
    <f4>ENTJ</f4>
    <f5>83.68538032</f5>
  </row>
  <row>
    <index>76</index>
    <id>id77</id>
    <age>77.0</age>
    <city>경기</city>
    <f1>31.0</f1>
    <f2>0</f2>
    <f3/>
    <f4>INFP</f4>
    <f5>98.42989897</f5>
  </row>
  <row>
    <index>77</index>
    <id>id78</id>
    <age>92.0</age>
    <city>경기</city>
    <f1>96.0</f1>
    <f2>1</f2>
    <f3/>
    <f4>INTJ</f4>
    <f5>69.73031281</f5>
  </row>
  <row>
    <index>78</index>
    <id>id79</id>
    <age>30.0</age>
    <city>경기</city>
    <f1/>
    <f2>0</f2>
    <f3/>
    <f4>INTJ</f4>
    <f5>80.13828012</f5>
  </row>
  <row>
    <index>79</index>
    <id>id80</id>
    <age>67.0</age>
    <city>경기</city>
    <f1>60.0</f1>
    <f2>0</f2>
    <f3/>
    <f4>ISFP</f4>
    <f5>83.68538032</f5>
  </row>
  <row>
    <index>80</index>
    <id>id81</id>
    <age>86.0</age>
    <city>경기</city>
    <f1>50.0</f1>
    <f2>1</f2>
    <f3/>
    <f4>ISFJ</f4>
    <f5>37.11373918</f5>
  </row>
  <row>
    <index>81</index>
    <id>id82</id>
    <age>48.0</age>
    <city>경기</city>
    <f1/>
    <f2>0</f2>
    <f3/>
    <f4>ENTJ</f4>
    <f5>37.11373918</f5>
  </row>
  <row>
    <index>82</index>
    <id>id83</id>
    <age>73.0</age>
    <city>경기</city>
    <f1>50.0</f1>
    <f2>1</f2>
    <f3>vip</f3>
    <f4>ENTP</f4>
    <f5>80.13828012</f5>
  </row>
  <row>
    <index>83</index>
    <id>id84</id>
    <age>66.0</age>
    <city>경기</city>
    <f1>44.0</f1>
    <f2>0</f2>
    <f3/>
    <f4>INTP</f4>
    <f5>83.68538032</f5>
  </row>
  <row>
    <index>84</index>
    <id>id85</id>
    <age>83.6</age>
    <city>경기</city>
    <f1>55.0</f1>
    <f2>0</f2>
    <f3/>
    <f4>INFJ</f4>
    <f5>80.13828012</f5>
  </row>
  <row>
    <index>85</index>
    <id>id86</id>
    <age>2.0</age>
    <city>경기</city>
    <f1/>
    <f2>0</f2>
    <f3/>
    <f4>ESTP</f4>
    <f5>29.26986926</f5>
  </row>
  <row>
    <index>86</index>
    <id>id87</id>
    <age>19.0</age>
    <city>경기</city>
    <f1/>
    <f2>1</f2>
    <f3/>
    <f4>ISFP</f4>
    <f5>97.38103419</f5>
  </row>
  <row>
    <index>87</index>
    <id>id88</id>
    <age>89.0</age>
    <city>경기</city>
    <f1>75.0</f1>
    <f2>0</f2>
    <f3/>
    <f4>ESTJ</f4>
    <f5>60.33982554</f5>
  </row>
  <row>
    <index>88</index>
    <id>id89</id>
    <age>34.0</age>
    <city>경기</city>
    <f1>66.0</f1>
    <f2>1</f2>
    <f3/>
    <f4>ENTJ</f4>
    <f5>33.30899901</f5>
  </row>
  <row>
    <index>89</index>
    <id>id90</id>
    <age>54.0</age>
    <city>경기</city>
    <f1/>
    <f2>0</f2>
    <f3/>
    <f4>ENTP</f4>
    <f5>29.26986926</f5>
  </row>
  <row>
    <index>90</index>
    <id>id91</id>
    <age>6.0</age>
    <city>경기</city>
    <f1>72.0</f1>
    <f2>0</f2>
    <f3/>
    <f4>INTP</f4>
    <f5>9.796377581</f5>
  </row>
  <row>
    <index>91</index>
    <id>id92</id>
    <age>97.0</age>
    <city>경기</city>
    <f1>78.0</f1>
    <f2>1</f2>
    <f3/>
    <f4>INFP</f4>
    <f5>97.38103419</f5>
  </row>
  <row>
    <index>92</index>
    <id>id93</id>
    <age>21.8</age>
    <city>경기</city>
    <f1>57.0</f1>
    <f2>0</f2>
    <f3/>
    <f4>ISFP</f4>
    <f5>73.58639712</f5>
  </row>
  <row>
    <index>93</index>
    <id>id94</id>
    <age>84.0</age>
    <city>경기</city>
    <f1/>
    <f2>1</f2>
    <f3/>
    <f4>ESTJ</f4>
    <f5>90.49699927</f5>
  </row>
  <row>
    <index>94</index>
    <id>id95</id>
    <age>77.0</age>
    <city>경기</city>
    <f1>43.0</f1>
    <f2>1</f2>
    <f3/>
    <f4>INTJ</f4>
    <f5>91.29779092</f5>
  </row>
  <row>
    <index>95</index>
    <id>id96</id>
    <age>92.0</age>
    <city>경기</city>
    <f1>53.0</f1>
    <f2>1</f2>
    <f3/>
    <f4>ENTJ</f4>
    <f5>52.66707799</f5>
  </row>
  <row>
    <index>96</index>
    <id>id97</id>
    <age>100.0</age>
    <city>경기</city>
    <f1/>
    <f2>0</f2>
    <f3/>
    <f4>INFP</f4>
    <f5>67.8863732</f5>
  </row>
  <row>
    <index>97</index>
    <id>id98</id>
    <age>39.0</age>
    <city>경기</city>
    <f1>58.0</f1>
    <f2>2</f2>
    <f3/>
    <f4>INFP</f4>
    <f5>98.42989897</f5>
  </row>
  <row>
    <index>98</index>
    <id>id99</id>
    <age>1.0</age>
    <city>경기</city>
    <f1>47.0</f1>
    <f2>0</f2>
    <f3/>
    <f4>ESFJ</f4>
    <f5>97.38103419</f5>
  </row>
  <row>
    <index>99</index>
    <id>id100</id>
    <age>47.0</age>
    <city>경기</city>
    <f1>53.0</f1>
    <f2>0</f2>
    <f3>vip</f3>
    <f4>ESFP</f4>
    <f5>33.30899901</f5>
  </row>
</data>
